magnitudes,hps1,hps2,hps3,hps4,Product,f0
0.001156272,0.001156272,0.001156272,0.001156272,0.001156272,2.066811E-15,387.5977
0.03987355,0.08363163,0.133714,0.1899378,0.249126,2.109905E-05,387.5977
0.08363163,0.1899378,0.3054371,0.3789888,0.3559039,0.0006544296,387.5977
0.133714,0.3054371,0.3817977,0.2258266,0.1984604,0.0006988455,387.5977
0.1899378,0.3789888,0.2258266,0.2789671,0.2872775,0.001302769,387.5977
0.249126,0.3559039,0.1984604,0.2872775,0.4271278,0.002159161,387.5977
0.3054371,0.2258266,0.3605215,0.3573696,0.2655179,0.002359607,387.5977
0.3513369,0.1328729,0.2218864,0.2813811,1.463522,0.004265646,387.5977
0.3789888,0.2789671,0.3573696,0.8372868,1.585157,0.05014682,387.5977
0.3817977,0.3605215,0.3977704,1.526642,1.408948,0.1177685,387.5977
0.3559039,0.2872775,0.2655179,1.585157,0.1524587,0.006560735,387.5977
0.3016494,0.2028518,1.108709,1.594888,0.4040672,0.04372023,387.5977
0.2258266,0.3573696,1.526642,0.5406948,0.5534449,0.0368686,387.5977
0.1496958,0.4459064,1.533697,0.3738596,0.5408108,0.02069889,387.5977
0.1328729,0.2813811,1.706114,0.3766607,0.2130718,0.005119359,387.5977
0.1984604,0.2655179,1.408948,0.5534449,0.09716477,0.003992508,387.5977
0.2789671,0.8372868,0.5406948,0.601097,0.04677039,0.003550544,387.5977
0.338006,1.323814,0.2665685,0.2967045,0.0721722,0.002554197,387.5977
0.3605215,1.526642,0.4301169,0.1923985,0.06348392,0.002891482,387.5977
0.3416269,1.522165,0.3776013,0.05372732,0.04356467,0.0004595967,387.5977
0.2872775,1.585157,0.5534449,0.04677039,0.01746652,0.0002058853,387.5977
0.2218864,1.706114,0.6342233,0.0589406,0.03803558,0.0005382517,387.5977
0.2028518,1.594888,0.461516,0.08734048,0.02974688,0.0003879296,387.5977
0.2656115,1.151162,0.2407637,0.02613066,0.02715508,5.223671E-05,387.5977
0.3573696,0.5406948,0.1923985,0.05015417,0.1131166,0.0002109137,387.5977
0.4271278,0.1524587,0.09716477,0.01746652,0.1494464,1.651621E-05,387.5977
0.4459064,0.3738596,0.01899745,0.03821845,0.2391091,2.894121E-05,387.5977
0.3977704,0.4301169,0.04729592,0.003992478,0.107465,3.471781E-06,387.5977
0.2813811,0.3766607,0.0589406,0.05019534,0.06744249,2.114739E-05,387.5977
0.1485695,0.4184008,0.08883505,0.0135608,0.02256542,1.6898E-06,387.5977
0.2655179,0.5534449,0.06348392,0.1131166,0.04198825,4.430838E-05,387.5977
0.5412061,0.6362331,0.02054974,0.1415496,0.05883972,5.893381E-05,387.5977
0.8372868,0.601097,0.05015417,0.2144501,0.04487748,0.0002429297,387.5977
1.108709,0.461516,0.03152571,0.2142313,0.1305619,0.0004511993,387.5977
1.323814,0.2967045,0.02154331,0.07217605,0.1589088,9.705203E-05,387.5977
1.463522,0.2130718,0.03803558,0.06744249,0.1566007,0.0001252687,387.5977
1.526642,0.1923985,0.003992478,0.02468177,0.07472884,2.162948E-06,387.5977
1.533388,0.1385026,0.04278151,0.05185244,0.03455456,1.627949E-05,387.5977
1.522165,0.05372732,0.04239137,0.007093294,0.004040193,9.935378E-08,387.5977
1.533697,0.01899745,0.03203991,0.07257163,0.005115586,3.465681E-07,387.5977
1.585157,0.04677039,0.1131166,0.04487748,0.02885705,1.08605E-05,387.5977
1.656727,0.04547963,0.1397443,0.1038756,0.02640012,2.887495E-05,387.5977
1.706114,0.0589406,0.1667244,0.1640435,0.01426475,3.923239E-05,387.5977
1.693183,0.0832365,0.2321407,0.158336,0.003932233,2.036985E-05,387.5977
1.594888,0.08734048,0.2142313,0.146746,0.001307999,5.727992E-06,387.5977
1.408948,0.06348392,0.107465,0.07472884,0.002388646,1.715796E-06,387.5977
1.151162,0.02613066,0.05235681,0.03980624,0.00534837,3.352993E-07,387.5977
0.8499247,0.03169628,0.06504011,0.01389091,0.006290668,1.531078E-07,387.5977
0.5406948,0.05015417,0.02468177,0.004666309,0.004051613,1.265427E-08,387.5977
0.2676427,0.04334303,0.04577506,0.009973126,0.0008657121,4.584672E-09,387.5977
0.1524587,0.01746652,0.04198825,0.02885705,0.001958468,6.319093E-09,387.5977
0.2665685,0.02154331,0.01701487,0.02883469,0.004269912,1.203051E-08,387.5977
0.3738596,0.03821845,0.07257163,0.01861987,0.000943087,1.820861E-08,387.5977
0.4264813,0.03157867,0.06343146,0.01002384,0.004712615,4.035475E-08,387.5977
0.4301169,0.003992478,0.04290021,0.002396316,0.005341986,9.430515E-10,387.5977
0.4040672,0.02974688,0.1305619,0.001307999,0.004614103,9.471228E-09,387.5977
0.3766607,0.05019534,0.1640435,0.001806555,0.001704699,9.551498E-09,387.5977
0.3776013,0.04239137,0.1572703,0.004320959,0.0009297578,1.011364E-08,387.5977
0.4184008,0.0135608,0.1607846,0.006013861,0.0004074408,2.235321E-09,387.5977
0.4845601,0.0611467,0.131603,0.006157176,0.002521743,6.054368E-08,387.5977
0.5534449,0.1131166,0.07472884,0.004051613,0.002201641,4.173142E-08,387.5977
0.6075779,0.137422,0.04458643,0.0007916442,0.0005362387,1.580334E-09,387.5977
0.6362331,0.1415496,0.02820937,0.001458266,0.0008705205,3.225033E-09,387.5977
0.6342233,0.1667244,0.007708084,0.003210214,0.001480007,3.872447E-09,387.5977
0.601097,0.2144501,0.004666309,0.003989178,0.001374052,3.29709E-09,387.5977
0.5408108,0.2391091,0.005115586,0.000943087,0.000290698,1.813555E-10,387.5977
0.461516,0.2142313,0.02081579,0.004399837,0.001604845,1.453223E-08,387.5977
0.3751842,0.147123,0.03086705,0.004894699,0.001232744,1.028061E-08,387.5977
0.2967045,0.07217605,0.02883469,0.005639912,0.001234172,4.298141E-09,387.5977
0.2407637,0.05235681,0.02106457,0.003975532,0.001430641,1.510228E-09,387.5977
0.2130718,0.06744249,0.01426475,0.001704699,0.0005682245,1.985599E-10,387.5977
0.2027681,0.05496106,0.00787598,0.0009596456,0.0004048315,3.409922E-11,387.5977
0.1923985,0.02468177,0.002396316,0.0006863379,0.001351177,1.055291E-11,387.5977
0.1715252,0.03419923,0.00122197,0.00109852,0.0003582649,2.82109E-12,387.5977
0.1385026,0.05185244,0.001236056,0.002810898,0.001112464,2.775852E-11,387.5977
0.09716477,0.04198825,0.002388646,0.002201641,0.0009932275,2.131001E-11,387.5977
0.05372732,0.007093294,0.004320959,0.0005455461,0.0008570508,7.699479E-13,387.5977
0.01534013,0.03940253,0.005728158,0.0007634243,0.001709113,4.517569E-12,387.5977
0.01899745,0.07257163,0.006301198,0.001063804,0.00197151,1.82199E-11,387.5977
0.03812304,0.0754313,0.00587921,0.001575948,0.002071355,5.518925E-11,387.5977
0.04677039,0.04487748,0.004051613,0.001374052,0.0004937328,5.769291E-12,387.5977
0.04729592,0.04290021,0.001350724,0.0002766248,0.002203191,1.670295E-12,387.5977
0.04547963,0.1038756,0.00117167,0.001266773,0.001037752,7.276599E-12,387.5977
0.04859662,0.1498841,0.00159813,0.001589662,0.002803968,5.188617E-11,387.5977
0.0589406,0.1640435,0.003210214,0.001136631,0.005686359,2.006141E-10,387.5977
0.0721722,0.1589088,0.004269912,0.001234172,0.002572103,1.554537E-10,387.5977
0.0832365,0.158336,0.00241557,0.001492805,0.005885653,2.797118E-10,387.5977
0.08883505,0.1607846,0.001847071,0.0009215425,0.002178184,5.295687E-11,387.5977
0.08734048,0.146746,0.004399837,0.0003971361,0.004171204,9.341556E-11,387.5977
0.07853967,0.1128523,0.004827468,0.0005936109,0.004719708,1.198769E-10,387.5977
0.06348392,0.07472884,0.005341986,0.001351177,0.004498354,1.540354E-10,387.5977
0.04449105,0.05067481,0.005502172,0.0006916301,0.003888466,3.336193E-11,387.5977
0.02613066,0.03980624,0.003975532,0.0007597031,0.006347477,1.994076E-11,387.5977
0.02054974,0.02820937,0.002138503,0.001191599,0.001234134,1.823064E-12,387.5977
0.03169628,0.01389091,0.001159659,0.0008763831,0.009568276,4.28151E-12,387.5977
0.04356467,0.004040193,0.0009297578,0.0008570508,0.003189157,4.472896E-13,387.5977
0.05015417,0.004666309,0.0006863379,0.001579738,0.006553124,1.662846E-12,387.5977
0.05001542,0.002689715,0.0006506469,0.001893128,0.0008476525,1.404602E-13,387.5977
0.04334303,0.009973126,0.002102402,0.002122862,0.003295268,6.357391E-12,387.5977
0.03152571,0.02081579,0.002929003,0.001854258,0.001437137,5.122073E-12,387.5977
0.01746652,0.02885705,0.002201641,0.0004937328,0.001237643,6.780973E-13,387.5977
0.01120513,0.03140899,0.0007880146,0.002074681,0.002415508,1.38984E-12,387.5977
0.02154331,0.02883469,0.0006256565,0.001678444,0.002616478,1.70682E-12,387.5977
0.03225892,0.0237103,0.0008123064,0.001041305,0.001717152,1.110947E-12,387.5977
0.03821845,0.01861987,0.001063804,0.003642758,0.001309032,3.609871E-12,387.5977
0.03803558,0.01426475,0.001480007,0.005686359,0.0013996,6.390817E-12,387.5977
0.03157867,0.01002384,0.001601882,0.002825517,0.001315875,1.88526E-12,387.5977
0.01968654,0.005804996,0.00116617,0.00516226,0.002451981,1.686902E-12,387.5977
0.003992478,0.002396316,0.0002766248,0.005078266,0.004146498,5.572816E-14,387.5977
0.01332261,0.001089529,0.0009734373,0.0009969418,0.002886177,4.065639E-14,387.5977
0.02974688,0.001307999,0.001604845,0.004171204,0.00343554,8.948256E-13,387.5977
0.04278151,0.001236056,0.001487258,0.005664608,0.001180411,5.258761E-13,387.5977
0.05019534,0.001806555,0.001136631,0.0007629016,0.001385521,1.089471E-13,387.5977
0.05032428,0.003041366,0.001145639,0.006334373,0.001263126,1.402958E-12,387.5977
0.04239137,0.004320959,0.001430452,0.002330346,0.001261763,7.704225E-13,387.5977
0.02715508,0.00534837,0.001430641,0.006347477,0.001295187,1.708193E-12,387.5977
0.0135608,0.006013861,0.0009215425,0.003601127,0.001047328,2.83449E-13,387.5977
0.03203991,0.006301198,0.0004642356,0.00655568,0.005701454,3.503129E-12,387.5977
0.0611467,0.006157176,0.0003231662,0.009148129,0.003741533,4.164496E-12,387.5977
0.08954371,0.005437556,0.0008317383,0.001703946,0.006674416,4.605689E-12,387.5977
0.1131166,0.004051613,0.001351177,0.006553124,0.00549925,2.23161E-11,387.5977
0.1292782,0.002220628,0.0009976395,0.002505795,0.001340413,9.619639E-13,387.5977
0.137422,0.0007916442,0.0002216212,0.002772081,0.00443866,2.966574E-13,387.5977
0.1397443,0.00117167,0.0009738889,0.002630484,0.003174733,1.331654E-12,387.5977
0.1415496,0.001458266,0.001191599,0.001433942,0.001626379,5.736261E-13,387.5977
0.1494464,0.001958468,0.0009932275,0.001237643,0.002424438,8.722823E-13,387.5977
0.1667244,0.003210214,0.0006992137,0.001931392,0.001457042,1.053139E-12,387.5977
0.1905342,0.004190957,0.001037566,0.003011728,0.001209504,3.018041E-12,387.5977
0.2144501,0.003989178,0.001579738,0.002035602,0.002785325,7.662378E-12,387.5977
0.2321407,0.00241557,0.00185893,0.001693537,0.002253566,3.978314E-12,387.5977
0.2391091,0.000943087,0.00197151,0.001309032,0.0008844067,5.14694E-13,387.5977
0.2331362,0.002920168,0.002179315,0.001306622,0.001354084,2.625023E-12,387.5977
0.2142313,0.004399837,0.001854258,0.001571772,0.003747559,1.029503E-11,387.5977
0.1843659,0.004812153,0.0006438798,0.000722824,0.004350416,1.796338E-12,387.5977
0.147123,0.004894699,0.001366676,0.003252229,0.004790588,1.533353E-11,387.5977
0.107465,0.005341986,0.002203191,0.004146498,0.004681386,2.455149E-11,387.5977
0.07217605,0.005639912,0.001678444,0.00263058,0.00296118,5.322169E-12,387.5977
0.05153375,0.005146347,0.0009023243,0.003699574,0.006381338,5.649591E-12,387.5977
0.05235681,0.003975532,0.002047793,0.002652157,0.001068052,1.207387E-12,387.5977
0.06191356,0.002680509,0.004465932,0.0008078546,0.003358933,2.011174E-12,387.5977
0.06744249,0.001704699,0.005686359,0.001385521,0.001878889,1.701884E-12,387.5977
0.06504011,0.001159659,0.003732955,0.001429251,0.002091134,8.415016E-13,387.5977
0.05496106,0.0009596456,0.003241773,0.00112112,0.002418564,4.636157E-13,387.5977
0.03968864,0.000896542,0.005727211,0.001206159,0.001420667,3.492021E-13,387.5977
0.02468177,0.0006863379,0.005078266,0.001425233,0.003316495,4.066258E-13,387.5977
0.02256542,0.0004074408,0.002178184,0.001047328,0.006357679,1.333471E-13,387.5977
0.03419923,0.00109852,0.001621909,0.004745738,0.00167504,4.843729E-13,387.5977
0.04577506,0.002102402,0.005184324,0.006087994,0.008040432,2.442252E-11,387.5977
0.05185244,0.002810898,0.005664608,0.001936497,0.002031513,3.248033E-12,387.5977
0.050668,0.002856912,0.001404488,0.00756541,0.006546906,1.006972E-11,387.5977
0.04198825,0.002201641,0.004498354,0.00549925,0.001832146,4.189781E-12,387.5977
0.02670391,0.001213045,0.006179849,0.0003782711,0.00298686,2.261766E-13,387.5977
0.007093294,0.0005455461,0.002330346,0.003846334,0.001402164,4.863463E-14,387.5977
0.01701487,0.0006256565,0.005160526,0.004307375,0.005261736,1.245089E-12,387.5977
0.03940253,0.0007634243,0.006538237,0.002513808,0.003118329,1.541717E-12,387.5977
0.05883972,0.0008705205,0.001234134,0.001626379,0.003975686,4.087387E-13,387.5977
0.07257163,0.001063804,0.00655568,0.002853741,0.00148875,2.150218E-12,387.5977
0.07850333,0.001347768,0.009813707,0.001056549,0.001584338,1.738096E-12,387.5977
0.0754313,0.001575948,0.005550781,0.001410217,0.001299801,1.209512E-12,387.5977
0.06343146,0.001601882,0.002996238,0.00155698,0.006160249,2.920067E-12,387.5977
0.04487748,0.001374052,0.006553124,0.002785325,0.007091661,7.981853E-12,387.5977
0.03014637,0.0009007506,0.004120216,0.002555802,0.005616609,1.606057E-12,387.5977
0.04290021,0.0002766248,0.0006982322,0.001226817,0.008955142,9.103379E-14,387.5977
0.07273293,0.0006285334,0.003221248,0.0007954764,0.003833131,4.490188E-13,387.5977
0.1038756,0.001266773,0.002630484,0.001873065,0.003041578,1.971968E-12,387.5977
0.1305619,0.001604845,0.001437137,0.003747559,0.006064245,6.843416E-12,387.5977
0.1498841,0.001589662,0.001546782,0.004241255,0.001783661,2.788023E-12,387.5977
0.1607779,0.001358284,0.001031564,0.004660554,0.005244475,5.506212E-12,387.5977
0.1640435,0.001136631,0.001931392,0.004917032,0.004760476,8.429514E-12,387.5977
0.1622226,0.001092181,0.002988528,0.004300321,0.003892872,8.864098E-12,387.5977
0.1589088,0.001234172,0.002616478,0.00296118,0.004827785,7.335905E-12,387.5977
0.1572703,0.001430452,0.001843739,0.006277957,0.000535221,1.393704E-12,387.5977
0.158336,0.001492805,0.001693537,0.003923877,0.009078874,1.426017E-11,387.5977
0.1604985,0.001303464,0.001430625,0.001721428,0.01120412,5.77248E-12,387.5977
0.1607846,0.0009215425,0.001194419,0.003311065,0.006493286,3.804948E-12,387.5977
0.1566007,0.0005682245,0.0013996,0.001878889,0.005202963,1.217502E-12,387.5977
0.146746,0.0003971361,0.001571772,0.00180274,0.005362132,8.854537E-13,387.5977
0.131603,0.0003231662,0.001009814,0.002713189,0.001116386,1.300851E-13,387.5977
0.1128523,0.0005936109,0.001617567,0.0016332,0.008467136,1.498477E-12,387.5977
0.09298483,0.001065315,0.003894796,0.001752415,0.005399674,3.650728E-12,387.5977
0.07472884,0.001351177,0.004146498,0.003316495,0.003020269,4.193792E-12,387.5977
0.0603412,0.001224316,0.002708719,0.005971284,0.004270937,5.103431E-12,387.5977
0.05067481,0.0006916301,0.003259996,0.004637606,0.003651856,1.935043E-12,387.5977
0.04458643,0.0002216212,0.003651267,0.004417557,0.003079568,4.908284E-13,387.5977
0.03980624,0.0007597031,0.002652157,0.007782953,0.004292881,2.679708E-12,387.5977
0.03455456,0.001112464,0.001180411,0.002031513,0.01204663,1.110476E-12,387.5977
0.02820937,0.001191599,0.0008729122,0.006345597,0.0078865,1.468422E-12,387.5977
0.02106226,0.001090414,0.001544199,0.004357374,0.003748848,5.793251E-13,387.5977
0.01389091,0.0008763831,0.001429251,0.0005369712,0.00187749,1.75413E-14,387.5977
0.007708084,0.0006992137,0.0010742,0.003361418,0.003041768,5.919568E-14,387.5977
0.004040193,0.0008570508,0.001261763,0.001402164,0.002260536,1.384831E-14,387.5977
0.00412536,0.001232542,0.001159208,0.004230257,0.003489477,8.70066E-14,387.5977
0.004666309,0.001579738,0.001425233,0.005430516,0.002955182,1.686048E-13,387.5977
0.003861649,0.001801457,0.001159009,0.001304296,0.003845219,4.043715E-14,387.5977
0.002689715,0.001893128,0.002464253,0.004132956,0.003080852,1.597729E-13,387.5977
0.005115586,0.00197151,0.005701454,0.00148875,0.002793489,2.391382E-13,387.5977
0.009973126,0.002122862,0.006087994,0.001368369,0.002563053,4.520516E-13,387.5977
0.01546932,0.002173189,0.002218297,0.00198354,0.002630911,3.891666E-13,387.5977
0.02081579,0.001854258,0.005240019,0.001994911,0.003636273,1.467155E-12,387.5977
0.02542349,0.001092247,0.007835298,0.007240227,0.004672964,7.361327E-12,387.5977
0.02885705,0.0004937328,0.00549925,0.007091661,0.004819764,2.678065E-12,387.5977
0.03086705,0.001366676,0.001297496,0.004665456,0.004131388,1.05501E-12,387.5977
0.03140899,0.002074681,0.002364568,0.00866271,0.002256498,3.011936E-12,387.5977
0.03063171,0.002164114,0.004250745,0.007613052,0.003470538,7.445127E-12,387.5977
0.02883469,0.001678444,0.004307375,0.002488588,0,0,387.5977
0.02640012,0.001037752,0.003174733,0.003041578,0,0,387.5977
0.0237103,0.001041305,0.0009683013,0.006224246,0,0,387.5977
0.02106457,0.002047793,0.002341982,0.002323969,0,0,387.5977
0.01861987,0.003642758,0.002853741,0.005046858,0,0,387.5977
0.0163832,0.005156006,0.001274922,0.004108562,0,0,387.5977
0.01426475,0.005686359,0.001457042,0.004760476,0,0,387.5977
0.01216167,0.004687151,0.001196009,0.005215625,0,0,387.5977
0.01002384,0.002825517,0.00155698,0.002209059,0,0,387.5977
0.00787598,0.003241773,0.002589232,0.005037271,0,0,387.5977
0.005804996,0.00516226,0.002884726,0.002062897,0,0,387.5977
0.003932233,0.005885653,0.002253566,0.009078874,0,0,387.5977
0.002396316,0.005078266,0.001226817,0.01107301,0,0,387.5977
0.001379565,0.003276176,0.0008293077,0.009556232,0,0,387.5977
0.001089529,0.0009969418,0.0009790057,0.003600821,0,0,387.5977
0.00122197,0.001621909,0.002442839,0.005876906,0,0,387.5977
0.001307999,0.004171204,0.003747559,0.005362132,0,0,387.5977
0.001271252,0.005845411,0.004151877,0.002043055,0,0,387.5977
0.001236056,0.005664608,0.004468277,0.005814697,0,0,387.5977
0.001392844,0.003252661,0.004728104,0.008746919,0,0,387.5977
0.001806555,0.0007629016,0.004917032,0.004052833,0,0,387.5977
0.002388646,0.004498354,0.004681386,0.003020269,0,0,387.5977
0.003041366,0.006334373,0.003120449,0.004055019,0,0,387.5977
0.003699687,0.005312198,0.003791876,0.004395079,0,0,387.5977
0.004320959,0.002330346,0.006277957,0.002739396,0,0,387.5977
0.004876462,0.003523385,0.005136548,0.003184709,0,0,387.5977
0.00534837,0.006347477,0.001068052,0.004292881,0,0,387.5977
0.005728158,0.006538237,0.002585797,0.01096037,0,0,387.5977
0.006013861,0.003601127,0.003311065,0.01144119,0,0,387.5977
0.006205783,0.001442419,0.002256748,0.003584312,0,0,387.5977
0.006301198,0.00655568,0.001515854,0.004171056,0,0,387.5977
0.006290668,0.009568276,0.002091134,0.00187749,0,0,387.5977
0.006157176,0.009148129,0.002713189,0.003372531,0,0,387.5977
0.00587921,0.005550781,0.002052854,0.0005380756,0,0,387.5977
0.005437556,0.001703946,0.001219225,0.003445091,0,0,387.5977
0.004824201,0.004774804,0.002108642,0.003304411,0,0,387.5977
0.004051613,0.006553124,0.003316495,0.002955182,0,0,387.5977
0.00315975,0.00546759,0.005327301,0.003730216,0,0,387.5977
0.002220628,0.002505795,0.006326047,0.003527275,0,0,387.5977
0.001350724,0.0006982322,0.003069955,0.002939129,0,0,387.5977
0.0007916442,0.002772081,0.004417557,0.002629592,0,0,387.5977
0.0008657121,0.003295268,0.008040432,0.002563053,0,0,387.5977
0.00117167,0.002630484,0.005176857,0.00263681,0,0,387.5977
0.001368129,0.001672622,0.002744953,0.003015596,0,0,387.5977
0.001458266,0.001433942,0.006345597,0.004344431,0,0,387.5977
0.00159813,0.001546782,0.005435814,0.00459066,0,0,387.5977
0.001958468,0.001237643,0.001832146,0.004819764,0,0,387.5977
0.002541802,0.001065704,0.001527805,0.004514505,0,0,387.5977
0.003210214,0.001931392,0.003361418,0.002736707,0,0,387.5977
0.003804909,0.00278476,0.00243746,0.00268984,0,0,387.5977
0.004190957,0.003011728,0.001397762,0.003376562,0,0,387.5977
0.004269912,0.002616478,0.005261736,0.001032651,0,0,387.5977
0.003989178,0.002035602,0.005430516,0,0,0,387.5977
0.003349919,0.001749671,0.001730871,0,0,0,387.5977
0.00241557,0.001693537,0.003334905,0,0,0,387.5977
0.001359676,0.001550753,0.003830859,0,0,0,387.5977
0.000943087,0.001309032,0.00148875,0,0,0,387.5977
0.001847071,0.001194419,0.001142235,0,0,0,387.5977
0.002920168,0.001306622,0.001807814,0,0,0,387.5977
0.003801655,0.001488969,0.001742953,0,0,0,387.5977
0.004399837,0.001571772,0.001994911,0,0,0,387.5977
0.004712615,0.001315875,0.006160249,0,0,0,387.5977
0.004812153,0.000722824,0.008117951,0,0,0,387.5977
0.004827468,0.001617567,0.006067547,0,0,0,387.5977
0.004894699,0.003252229,0.004665456,0,0,0,387.5977
0.005080661,0.004285142,0.007889947,0,0,0,387.5977
0.005341986,0.004146498,0.008955142,0,0,0,387.5977
0.005565356,0.00313138,0.006491232,0,0,0,387.5977
0.005639912,0.00263058,0.002488588,0,0,0,387.5977
0.005502172,0.003259996,0.001890171,0,0,0,387.5977
0.005146347,0.003699574,0.005154395,0,0,0,387.5977
0.004614103,0.00343554,0.006064245,0,0,0,387.5977
0.003975532,0.002652157,0.002323969,0,0,0,387.5977
0.003308398,0.001658365,0.003640485,0,0,0,387.5977
0.002680509,0.0008078546,0.005874981,0,0,0,387.5977
0.002138503,0.0008729122,0.002895263,0,0,0,387.5977
0.001704699,0.001385521,0.004760476,0,0,0,387.5977
0.00138139,0.001601355,0.006016665,0,0,0,387.5977
0.001159659,0.001429251,0.002261244,0,0,0,387.5977
0.001025798,0.001123707,0.003721013,0,0,0,387.5977
0.0009596456,0.00112112,0.005037271,0,0,0,387.5977
0.0009297578,0.001261763,0.000535221,0,0,0,387.5977
0.000896542,0.001206159,0.006301861,0,0,0,387.5977
0.0008229543,0.001184236,0.009868291,0,0,0,387.5977
0.0006863379,0.001425233,0.01107301,0,0,0,387.5977
0.0005001793,0.001385528,0.01053175,0,0,0,387.5977
0.0004074408,0.001047328,0.006493286,0,0,0,387.5977
0.0006506469,0.002464253,0.003490472,0,0,0,387.5977
0.00109852,0.004745738,0.005876906,0,0,0,387.5977
0.001607357,0.006320955,0.00582473,0,0,0,387.5977
0.002102402,0.006087994,0.00409741,0,0,0,387.5977
0.002521743,0.003741533,0.001116386,0,0,0,387.5977
0.002810898,0.001936497,0.005814697,0,0,0,387.5977
0.002929003,0.005240019,0.008930463,0,0,0,387.5977
0.002856912,0.00756541,0.006796685,0,0,0,387.5977
0.00260252,0.007506618,0.003046701,0,0,0,387.5977
0.002201641,0.00549925,0.003020269,0,0,0,387.5977
0.001713467,0.002685805,0.003825192,0,0,0,387.5977
0.001213045,0.0003782711,0.004436471,0,0,0,387.5977
0.0007880146,0.002364568,0.00410558,0,0,0,387.5977
0.0005455461,0.003846334,0.002739396,0,0,0,387.5977
0.0005362387,0.00443866,0.003079568,0,0,0,387.5977
0.0006256565,0.004307375,0.003004811,0,0,0,387.5977
0.0007062376,0.003683053,0.005842012,0,0,0,387.5977
0.0007634243,0.002513808,0.01096037,0,0,0,387.5977
0.0008123064,0.0009683013,0.01234121,0,0,0,387.5977
0.0008705205,0.001626379,0.0078865,0,0,0,387.5977
0.0009520086,0.002829876,0.002500689,0,0,0,387.5977
0.001063804,0.002853741,0.004171056,0,0,0,387.5977
0.001201304,0.001831802,0.002519102,0,0,0,387.5977
0.001347768,0.001056549,0.002721505,0,0,0,387.5977
0.001480007,0.001457042,0.003041768,0,0,0,387.5977
0.001575948,0.001410217,0.0005380756,0,0,0,387.5977
0.001619549,0.001068735,0.002993312,0,0,0,387.5977
0.001601882,0.00155698,0.003623286,0,0,0,387.5977
0.001519986,0.002307409,0.003122082,0,0,0,387.5977
0.001374052,0.002785325,0.002955182,0,0,0,387.5977
0.00116617,0.002884726,0.003533393,0,0,0,387.5977
0.0009007506,0.002555802,0.003848069,0,0,0,387.5977
0.0005891377,0.001900124,0.003285595,0,0,0,387.5977
0.0002766248,0.001226817,0.002939129,0,0,0,387.5977
0.000290698,0.0008844067,0.002793489,0,0,0,387.5977
0.0006285334,0.0007954764,0.002412153,0,0,0,387.5977
0.0009734373,0.0009790057,0.002657094,0,0,0,387.5977
0.001266773,0.001873065,0.00263681,0,0,0,387.5977
0.001481647,0.002980849,0.002814718,0,0,0,387.5977
0.001604845,0.003747559,0.003636273,0,0,0,387.5977
0.001636535,0.004068244,0.004583757,0,0,0,387.5977
0.001589662,0.004241255,0.00459066,0,0,0,387.5977
0.001487258,0.004468277,0.004667652,0,0,0,387.5977
0.001358284,0.004660554,0.004926635,0,0,0,387.5977
0.001232744,0.004790588,0.004131388,0,0,0,387.5977
0.001136631,0.004917032,0.002736707,0,0,0,387.5977
0.001087625,0.004881784,0.002379196,0,0,0,387.5977
0.001092181,0.004300321,0.003343991,0,0,0,387.5977
0.001145639,0.003120449,0.003043793,0,0,0,387.5977
0.001234172,0.00296118,0.001032651,0,0,0,387.5977
0.001337273,0.004820201,0,0,0,0,387.5977
0.001430452,0.006277957,0,0,0,0,387.5977
0.001489005,0.005989022,0,0,0,0,387.5977
0.001492805,0.003923877,0,0,0,0,387.5977
0.001430641,0.001068052,0,0,0,0,387.5977
0.001303464,0.001721428,0,0,0,0,387.5977
0.001125235,0.003131574,0,0,0,0,387.5977
0.0009215425,0.003311065,0,0,0,0,387.5977
0.0007253004,0.002676585,0,0,0,0,387.5977
0.0005682245,0.001878889,0,0,0,0,387.5977
0.0004642356,0.001515854,0,0,0,0,387.5977
0.0003971361,0.00180274,0,0,0,0,387.5977
0.0003433883,0.002384609,0,0,0,0,387.5977
0.0003231662,0.002713189,0,0,0,0,387.5977
0.0004048315,0.002418564,0,0,0,0,387.5977
0.0005936109,0.0016332,0,0,0,0,387.5977
0.0008317383,0.001219225,0,0,0,0,387.5977
0.001065315,0.001752415,0,0,0,0,387.5977
0.001250153,0.002466807,0,0,0,0,387.5977
0.001351177,0.003316495,0,0,0,0,387.5977
0.001345198,0.004591641,0,0,0,0,387.5977
0.001224316,0.005971284,0,0,0,0,387.5977
0.0009976395,0.006326047,0,0,0,0,387.5977
0.0006916301,0.004637606,0,0,0,0,387.5977
0.0003582649,0.00167504,0,0,0,0,387.5977
0.0002216212,0.004417557,0,0,0,0,387.5977
0.0004819988,0.007497604,0,0,0,0,387.5977
0.0007597031,0.007782953,0,0,0,0,387.5977
0.0009738889,0.005176857,0,0,0,0,387.5977
0.001112464,0.002031513,0,0,0,0,387.5977
0.001180719,0.004279249,0,0,0,0,387.5977
0.001191599,0.006345597,0,0,0,0,387.5977
0.001158475,0.006210309,0,0,0,0,387.5977
0.001090414,0.004357374,0,0,0,0,387.5977
0.0009932275,0.001832146,0,0,0,0,387.5977
0.0008763831,0.0005369712,0,0,0,0,387.5977
0.0007634222,0.002357699,0,0,0,0,387.5977
0.0006992137,0.003361418,0,0,0,0,387.5977
0.0007303552,0.003119379,0,0,0,0,387.5977
0.0008570508,0.001402164,0,0,0,0,387.5977
0.001037566,0.001397762,0,0,0,0,387.5977
0.001232542,0.004230257,0,0,0,0,387.5977
0.001417937,0.0058516,0,0,0,0,387.5977
0.001579738,0.005430516,0,0,0,0,387.5977
0.001709113,0.003118329,0,0,0,0,387.5977
0.001801457,0.001304296,0,0,0,0,387.5977
0.00185893,0.003334905,0,0,0,0,387.5977
0.001893128,0.004132956,0,0,0,0,387.5977
0.001923981,0.003174516,0,0,0,0,387.5977
0.00197151,0.00148875,0,0,0,0,387.5977
0.002042681,0.0009089494,0,0,0,0,387.5977
0.002122862,0.001368369,0,0,0,0,387.5977
0.002179315,0.001807814,0,0,0,0,387.5977
0.002173189,0.00198354,0,0,0,0,387.5977
0.002071355,0.001299801,0,0,0,0,387.5977
0.001854258,0.001994911,0,0,0,0,387.5977
0.001520497,0.004805337,0,0,0,0,387.5977
0.001092247,0.007240227,0,0,0,0,387.5977
0.0006438798,0.008117951,0,0,0,0,387.5977
0.0004937328,0.007091661,0,0,0,0,387.5977
0.0008795307,0.005027793,0,0,0,0,387.5977
0.001366676,0.004665456,0,0,0,0,387.5977
0.001785498,0.006808865,0,0,0,0,387.5977
0.002074681,0.00866271,0,0,0,0,387.5977
0.002203191,0.008955142,0,0,0,0,387.5977
0.002164114,0.007613052,0,0,0,0,387.5977
0.001975271,0.005198202,0,0,0,0,387.5977
0.001678444,0.002488588,0,0,0,0,387.5977
0.001337016,0.0009702044,0,0,0,0,387.5977
0.001037752,0.003041578,0,0,0,0,387.5977
0.0009023243,0.005154395,0,0,0,0,387.5977
0.001041305,0.006224246,0,0,0,0,387.5977
0.001443285,0.005340031,0,0,0,0,387.5977
0.002047793,0.002323969,0,0,0,0,387.5977
0.002803968,0.001783661,0,0,0,0,387.5977
0.003642758,0.005046858,0,0,0,0,387.5977
0.004465932,0.005874981,0,0,0,0,387.5977
0.005156006,0.004108562,0,0,0,0,387.5977
0.005594943,0.002542364,0,0,0,0,387.5977
0.005686359,0.004760476,0,0,0,0,387.5977
0.00537825,0.00619745,0,0,0,0,387.5977
0.004687151,0.005215625,0,0,0,0,387.5977
0.003732955,0.002261244,0,0,0,0,387.5977
0.002825517,0.002209059,0,0,0,0,387.5977
0.002572103,0.004827785,0,0,0,0,387.5977
0.003241773,0.005037271,0,0,0,0,387.5977
0.004263513,0.002420531,0,0,0,0,387.5977
0.00516226,0.002062897,0,0,0,0,387.5977
0.005727211,0.006301861,0,0,0,0,387.5977
0.005885653,0.009078874,0,0,0,0,387.5977
0.00564832,0.01039863,0,0,0,0,387.5977
0.005078266,0.01107301,0,0,0,0,387.5977
0.004261018,0.01106192,0,0,0,0,387.5977
0.003276176,0.009556232,0,0,0,0,387.5977
0.002178184,0.006493286,0,0,0,0,387.5977
0.0009969418,0.003600821,0,0,0,0,387.5977
0.0003397379,0.004274193,0,0,0,0,387.5977
0.001621909,0.005876906,0,0,0,0,387.5977
0.002941698,0.006130832,0,0,0,0,387.5977
0.004171204,0.005362132,0,0,0,0,387.5977
0.005184324,0.00409741,0,0,0,0,387.5977
0.005845411,0.002043055,0,0,0,0,387.5977
0.006032876,0.002109318,0,0,0,0,387.5977
0.005664608,0.005814697,0,0,0,0,387.5977
0.004719708,0.008467136,0,0,0,0,387.5977
0.003252661,0.008746919,0,0,0,0,387.5977
0.001404488,0.006796685,0,0,0,0,387.5977
0.0007629016,0.004052833,0,0,0,0,387.5977
0.002750878,0.00262303,0,0,0,0,387.5977
0.004498354,0.003020269,0,0,0,0,387.5977
0.005748004,0.003587997,0,0,0,0,387.5977
0.006334373,0.004055019,0,0,0,0,387.5977
0.006179849,0.004436471,0,0,0,0,387.5977
0.005312198,0.004395079,0,0,0,0,387.5977
0.003888466,0.003651856,0,0,0,0,387.5977
0.002330346,0.002739396,0,0,0,0,387.5977
0.002043621,0.002834634,0,0,0,0,387.5977
0.003523385,0.003184709,0,0,0,0,387.5977
0.005160526,0.003004811,0,0,0,0,387.5977
0.006347477,0.004292881,0,0,0,0,387.5977
0.006843071,0.007644912,0,0,0,0,387.5977
0.006538237,0.01096037,0,0,0,0,387.5977
0.005427587,0.01253721,0,0,0,0,387.5977
0.003601127,0.01144119,0,0,0,0,387.5977
0.001234134,0.0078865,0,0,0,0,387.5977
0.001442419,0.003584312,0,0,0,0,387.5977
0.004133467,0.002932333,0,0,0,0,387.5977
0.00655568,0.004171056,0,0,0,0,387.5977
0.008438727,0.003401086,0,0,0,0,387.5977
0.009568276,0.00187749,0,0,0,0,387.5977
0.009813707,0.002721505,0,0,0,0,387.5977
0.009148129,0.003372531,0,0,0,0,387.5977
0.007658849,0.002302488,0,0,0,0,387.5977
0.005550781,0.0005380756,0,0,0,0,387.5977
0.003189157,0.002260536,0,0,0,0,387.5977
0.001703946,0.003445091,0,0,0,0,387.5977
0.002996238,0.003623286,0,0,0,0,387.5977
0.004774804,0.003304411,0,0,0,0,387.5977
0.006027269,0.00298241,0,0,0,0,387.5977
0.006553124,0.002955182,0,0,0,0,387.5977
0.006335338,0.003302375,0,0,0,0,387.5977
0.00546759,0.003730216,0,0,0,0,387.5977
0.004120216,0.003848069,0,0,0,0,387.5977
0.002505795,0.003527275,0,0,0,0,387.5977
0.0008476525,0.003080852,0,0,0,0,387.5977
0.0006982322,0.002939129,0,0,0,0,387.5977
0.001920355,0.002903724,0,0,0,0,387.5977
0.002772081,0.002629592,0,0,0,0,387.5977
0.003221248,0.002412153,0,0,0,0,387.5977
0.003295268,0.002563053,0,0,0,0,387.5977
0.003064591,0.00269326,0,0,0,0,387.5977
0.002630484,0.00263681,0,0,0,0,387.5977
0.002117688,0.002687189,0,0,0,0,387.5977
0.001672622,0.003015596,0,0,0,0,387.5977
0.001437137,0.003636273,0,0,0,0,387.5977
0.001433942,0.004344431,0,0,0,0,387.5977
0.001519939,0.00468996,0,0,0,0,387.5977
0.001546782,0.00459066,0,0,0,0,387.5977
0.001447983,0.004551489,0,0,0,0,387.5977
0.001237643,0.004819764,0,0,0,0,387.5977
0.001031564,0.004926635,0,0,0,0,387.5977
0.001065704,0.004514505,0,0,0,0,387.5977
0.001426832,0.003675736,0,0,0,0,387.5977
0.001931392,0.002736707,0,0,0,0,387.5977
0.002415508,0.002256498,0,0,0,0,387.5977
0.00278476,0.00268984,0,0,0,0,387.5977
0.002988528,0.003343991,0,0,0,0,387.5977
0.003011728,0.003376562,0,0,0,0,387.5977
0.00287217,0.002493933,0,0,0,0,387.5977
0.002616478,0.001032651,0,0,0,0,387.5977
0.002312574,0.0006503104,0,0,0,0,387.5977
0.002035602,0,0,0,0,0,387.5977
0.001843739,0,0,0,0,0,387.5977
0.001749671,0,0,0,0,0,387.5977
0.001717152,0,0,0,0,0,387.5977
0.001693537,0,0,0,0,0,387.5977
0.001641954,0,0,0,0,0,387.5977
0.001550753,0,0,0,0,0,387.5977
0.001430625,0,0,0,0,0,387.5977
0.001309032,0,0,0,0,0,387.5977
0.001221354,0,0,0,0,0,387.5977
0.001194419,0,0,0,0,0,387.5977
0.00122984,0,0,0,0,0,387.5977
0.001306622,0,0,0,0,0,387.5977
0.0013996,0,0,0,0,0,387.5977
0.001488969,0,0,0,0,0,387.5977
0.001555353,0,0,0,0,0,387.5977
0.001571772,0,0,0,0,0,387.5977
0.001502853,0,0,0,0,0,387.5977
0.001315875,0,0,0,0,0,387.5977
0.001009814,0,0,0,0,0,387.5977
0.000722824,0,0,0,0,0,387.5977
0.0009255519,0,0,0,0,0,387.5977
0.001617567,0,0,0,0,0,387.5977
0.002451981,0,0,0,0,0,387.5977
0.003252229,0,0,0,0,0,387.5977
0.003894796,0,0,0,0,0,387.5977
0.004285142,0,0,0,0,0,387.5977
0.004368918,0,0,0,0,0,387.5977
0.004146498,0,0,0,0,0,387.5977
0.003685395,0,0,0,0,0,387.5977
0.00313138,0,0,0,0,0,387.5977
0.002708719,0,0,0,0,0,387.5977
0.00263058,0,0,0,0,0,387.5977
0.002886177,0,0,0,0,0,387.5977
0.003259996,0,0,0,0,0,387.5977
0.003561965,0,0,0,0,0,387.5977
0.003699574,0,0,0,0,0,387.5977
0.003651267,0,0,0,0,0,387.5977
0.00343554,0,0,0,0,0,387.5977
0.00308892,0,0,0,0,0,387.5977
0.002652157,0,0,0,0,0,387.5977
0.002163236,0,0,0,0,0,387.5977
0.001658365,0,0,0,0,0,387.5977
0.001180411,0,0,0,0,0,387.5977
0.0008078546,0,0,0,0,0,387.5977
0.0006945748,0,0,0,0,0,387.5977
0.0008729122,0,0,0,0,0,387.5977
0.001145184,0,0,0,0,0,387.5977
0.001385521,0,0,0,0,0,387.5977
0.001544199,0,0,0,0,0,387.5977
0.001601355,0,0,0,0,0,387.5977
0.001556457,0,0,0,0,0,387.5977
0.001429251,0,0,0,0,0,387.5977
0.001263126,0,0,0,0,0,387.5977
0.001123707,0,0,0,0,0,387.5977
0.0010742,0,0,0,0,0,387.5977
0.00112112,0,0,0,0,0,387.5977
0.001205497,0,0,0,0,0,387.5977
0.001261763,0,0,0,0,0,387.5977
0.001258082,0,0,0,0,0,387.5977
0.001206159,0,0,0,0,0,387.5977
0.001159208,0,0,0,0,0,387.5977
0.001184236,0,0,0,0,0,387.5977
0.001295187,0,0,0,0,0,387.5977
0.001425233,0,0,0,0,0,387.5977
0.0014785,0,0,0,0,0,387.5977
0.001385528,0,0,0,0,0,387.5977
0.001159009,0,0,0,0,0,387.5977
0.001047328,0,0,0,0,0,387.5977
0.001511854,0,0,0,0,0,387.5977
0.002464253,0,0,0,0,0,387.5977
0.003609448,0,0,0,0,0,387.5977
0.004745738,0,0,0,0,0,387.5977
0.005701454,0,0,0,0,0,387.5977
0.006320955,0,0,0,0,0,387.5977
0.006476534,0,0,0,0,0,387.5977
0.006087994,0,0,0,0,0,387.5977
0.005145034,0,0,0,0,0,387.5977
0.003741533,0,0,0,0,0,387.5977
0.002218297,0,0,0,0,0,387.5977
0.001936497,0,0,0,0,0,387.5977
0.003471585,0,0,0,0,0,387.5977
0.005240019,0,0,0,0,0,387.5977
0.006674416,0,0,0,0,0,387.5977
0.00756541,0,0,0,0,0,387.5977
0.007835298,0,0,0,0,0,387.5977
0.007506618,0,0,0,0,0,387.5977
0.006679223,0,0,0,0,0,387.5977
0.00549925,0,0,0,0,0,387.5977
0.004122721,0,0,0,0,0,387.5977
0.002685805,0,0,0,0,0,387.5977
0.001297496,0,0,0,0,0,387.5977
0.0003782711,0,0,0,0,0,387.5977
0.001340413,0,0,0,0,0,387.5977
0.002364568,0,0,0,0,0,387.5977
0.003213011,0,0,0,0,0,387.5977
0.003846334,0,0,0,0,0,387.5977
0.004250745,0,0,0,0,0,387.5977
0.00443866,0,0,0,0,0,387.5977
0.004444183,0,0,0,0,0,387.5977
0.004307375,0,0,0,0,0,387.5977
0.004053874,0,0,0,0,0,387.5977
0.003683053,0,0,0,0,0,387.5977
0.003174733,0,0,0,0,0,387.5977
0.002513808,0,0,0,0,0,387.5977
0.001725639,0,0,0,0,0,387.5977
0.0009683013,0,0,0,0,0,387.5977
0.0009171211,0,0,0,0,0,387.5977
0.001626379,0,0,0,0,0,387.5977
0.002341982,0,0,0,0,0,387.5977
0.002829876,0,0,0,0,0,387.5977
0.003005314,0,0,0,0,0,387.5977
0.002853741,0,0,0,0,0,387.5977
0.002424438,0,0,0,0,0,387.5977
0.001831802,0,0,0,0,0,387.5977
0.001274922,0,0,0,0,0,387.5977
0.001056549,0,0,0,0,0,387.5977
0.001232718,0,0,0,0,0,387.5977
0.001457042,0,0,0,0,0,387.5977
0.00152503,0,0,0,0,0,387.5977
0.001410217,0,0,0,0,0,387.5977
0.001196009,0,0,0,0,0,387.5977
0.001068735,0,0,0,0,0,387.5977
0.001209504,0,0,0,0,0,387.5977
0.00155698,0,0,0,0,0,387.5977
0.001952189,0,0,0,0,0,387.5977
0.002307409,0,0,0,0,0,387.5977
0.002589232,0,0,0,0,0,387.5977
0.002785325,0,0,0,0,0,387.5977
0.002886984,0,0,0,0,0,387.5977
0.002884726,0,0,0,0,0,387.5977
0.002772714,0,0,0,0,0,387.5977
0.002555802,0,0,0,0,0,387.5977
0.002253566,0,0,0,0,0,387.5977
0.001900124,0,0,0,0,0,387.5977
0.001540741,0,0,0,0,0,387.5977
0.001226817,0,0,0,0,0,387.5977
0.001003985,0,0,0,0,0,387.5977
0.0008844067,0,0,0,0,0,387.5977
0.0008293077,0,0,0,0,0,387.5977
0.0007954764,0,0,0,0,0,387.5977
0.000810107,0,0,0,0,0,387.5977
0.0009790057,0,0,0,0,0,387.5977
0.001354084,0,0,0,0,0,387.5977
0.001873065,0,0,0,0,0,387.5977
0.002442839,0,0,0,0,0,387.5977
0.002980849,0,0,0,0,0,387.5977
0.00342599,0,0,0,0,0,387.5977
0.003747559,0,0,0,0,0,387.5977
0.003949984,0,0,0,0,0,387.5977
0.004068244,0,0,0,0,0,387.5977
0.004151877,0,0,0,0,0,387.5977
0.004241255,0,0,0,0,0,387.5977
0.004350416,0,0,0,0,0,387.5977
0.004468277,0,0,0,0,0,387.5977
0.004575255,0,0,0,0,0,387.5977
0.004660554,0,0,0,0,0,387.5977
0.004728104,0,0,0,0,0,387.5977
0.004790588,0,0,0,0,0,387.5977
0.004856351,0,0,0,0,0,387.5977
0.004917032,0,0,0,0,0,387.5977
0.004941951,0,0,0,0,0,387.5977
0.004881784,0,0,0,0,0,387.5977
0.004681386,0,0,0,0,0,387.5977
0.004300321,0,0,0,0,0,387.5977
0.003744279,0,0,0,0,0,387.5977
0.003120449,0,0,0,0,0,387.5977
0.002726561,0,0,0,0,0,387.5977
0.00296118,0,0,0,0,0,387.5977
0.003791876,0,0,0,0,0,387.5977
0.004820201,0,0,0,0,0,387.5977
0.005718084,0,0,0,0,0,387.5977
0.006277957,0,0,0,0,0,387.5977
0.006381338,0,0,0,0,0,387.5977
0.005989022,0,0,0,0,0,387.5977
0.005136548,0,0,0,0,0,387.5977
0.003923877,0,0,0,0,0,387.5977
0.002499798,0,0,0,0,0,387.5977
0.001068052,0,0,0,0,0,387.5977
0.0006727907,0,0,0,0,0,387.5977
0.001721428,0,0,0,0,0,387.5977
0.002585797,0,0,0,0,0,387.5977
0.003131574,0,0,0,0,0,387.5977
0.003358933,0,0,0,0,0,387.5977
0.003311065,0,0,0,0,0,387.5977
0.003056459,0,0,0,0,0,387.5977
0.002676585,0,0,0,0,0,387.5977
0.002256748,0,0,0,0,0,387.5977
0.001878889,0,0,0,0,0,387.5977
0.001615136,0,0,0,0,0,387.5977
0.001515854,0,0,0,0,0,387.5977
0.00159039,0,0,0,0,0,387.5977
0.00180274,0,0,0,0,0,387.5977
0.002091134,0,0,0,0,0,387.5977
0.002384609,0,0,0,0,0,387.5977
0.00261213,0,0,0,0,0,387.5977
0.002713189,0,0,0,0,0,387.5977
0.002650215,0,0,0,0,0,387.5977
0.002418564,0,0,0,0,0,387.5977
0.002052854,0,0,0,0,0,387.5977
0.0016332,0,0,0,0,0,387.5977
0.001297926,0,0,0,0,0,387.5977
0.001219225,0,0,0,0,0,387.5977
0.001420667,0,0,0,0,0,387.5977
0.001752415,0,0,0,0,0,387.5977
0.002108642,0,0,0,0,0,387.5977
0.002466807,0,0,0,0,0,387.5977
0.002853174,0,0,0,0,0,387.5977
0.003316495,0,0,0,0,0,387.5977
0.003897432,0,0,0,0,0,387.5977
0.004591641,0,0,0,0,0,387.5977
0.005327301,0,0,0,0,0,387.5977
0.005971284,0,0,0,0,0,387.5977
0.006357679,0,0,0,0,0,387.5977
0.006326047,0,0,0,0,0,387.5977
0.00576215,0,0,0,0,0,387.5977
0.004637606,0,0,0,0,0,387.5977
0.003069955,0,0,0,0,0,387.5977
0.00167504,0,0,0,0,0,387.5977
0.002459312,0,0,0,0,0,387.5977
0.004417557,0,0,0,0,0,387.5977
0.006225558,0,0,0,0,0,387.5977
0.007497604,0,0,0,0,0,387.5977
0.008040432,0,0,0,0,0,387.5977
0.007782953,0,0,0,0,0,387.5977
0.00677282,0,0,0,0,0,387.5977
0.005176857,0,0,0,0,0,387.5977
0.003318456,0,0,0,0,0,387.5977
0.002031513,0,0,0,0,0,387.5977
0.002744953,0,0,0,0,0,387.5977
0.004279249,0,0,0,0,0,387.5977
0.005569113,0,0,0,0,0,387.5977
0.006345597,0,0,0,0,0,387.5977
0.006546906,0,0,0,0,0,387.5977
0.006210309,0,0,0,0,0,387.5977
0.005435814,0,0,0,0,0,387.5977
0.004357374,0,0,0,0,0,387.5977
0.003115151,0,0,0,0,0,387.5977
0.001832146,0,0,0,0,0,387.5977
0.0006001794,0,0,0,0,0,387.5977
0.0005369712,0,0,0,0,0,387.5977
0.001527805,0,0,0,0,0,387.5977
0.002357699,0,0,0,0,0,387.5977
0.00298686,0,0,0,0,0,387.5977
0.003361418,0,0,0,0,0,387.5977
0.003421562,0,0,0,0,0,387.5977
0.003119379,0,0,0,0,0,387.5977
0.00243746,0,0,0,0,0,387.5977
0.001402164,0,0,0,0,0,387.5977
0.0001139182,0,0,0,0,0,387.5977
0.001397762,0,0,0,0,0,387.5977
0.002889147,0,0,0,0,0,387.5977
0.004230257,0,0,0,0,0,387.5977
0.005261736,0,0,0,0,0,387.5977
0.0058516,0,0,0,0,0,387.5977
0.005915001,0,0,0,0,0,387.5977
0.005430516,0,0,0,0,0,387.5977
0.004451529,0,0,0,0,0,387.5977
0.003118329,0,0,0,0,0,387.5977
0.001730871,0,0,0,0,0,387.5977
0.001304296,0,0,0,0,0,387.5977
0.002303702,0,0,0,0,0,387.5977
0.003334905,0,0,0,0,0,387.5977
0.003975686,0,0,0,0,0,387.5977
0.004132956,0,0,0,0,0,387.5977
0.003830859,0,0,0,0,0,387.5977
0.003174516,0,0,0,0,0,387.5977
0.002326076,0,0,0,0,0,387.5977
0.00148875,0,0,0,0,0,387.5977
0.000933416,0,0,0,0,0,387.5977
0.0009089494,0,0,0,0,0,387.5977
0.001142235,0,0,0,0,0,387.5977
0.001368369,0,0,0,0,0,387.5977
0.001584338,0,0,0,0,0,387.5977
0.001807814,0,0,0,0,0,387.5977
0.001977373,0,0,0,0,0,387.5977
0.00198354,0,0,0,0,0,387.5977
0.001742953,0,0,0,0,0,387.5977
0.001299801,0,0,0,0,0,387.5977
0.001157409,0,0,0,0,0,387.5977
0.001994911,0,0,0,0,0,387.5977
0.003343757,0,0,0,0,0,387.5977
0.004805337,0,0,0,0,0,387.5977
0.006160249,0,0,0,0,0,387.5977
0.007240227,0,0,0,0,0,387.5977
0.007918293,0,0,0,0,0,387.5977
0.008117951,0,0,0,0,0,387.5977
0.00782371,0,0,0,0,0,387.5977
0.007091661,0,0,0,0,0,387.5977
0.006067547,0,0,0,0,0,387.5977
0.005027793,0,0,0,0,0,387.5977
0.004423808,0,0,0,0,0,387.5977
0.004665456,0,0,0,0,0,387.5977
0.005616609,0,0,0,0,0,387.5977
0.006808865,0,0,0,0,0,387.5977
0.007889947,0,0,0,0,0,387.5977
0.00866271,0,0,0,0,0,387.5977
0.009028289,0,0,0,0,0,387.5977
0.008955142,0,0,0,0,0,387.5977
0.008463413,0,0,0,0,0,387.5977
0.007613052,0,0,0,0,0,387.5977
0.006491232,0,0,0,0,0,387.5977
0.005198202,0,0,0,0,0,387.5977
0.003833131,0,0,0,0,0,387.5977
0.002488588,0,0,0,0,0,387.5977
0.001303559,0,0,0,0,0,387.5977
0.0009702044,0,0,0,0,0,387.5977
0.001890171,0,0,0,0,0,387.5977
0.003041578,0,0,0,0,0,387.5977
0.00416657,0,0,0,0,0,387.5977
0.005154395,0,0,0,0,0,387.5977
0.005883635,0,0,0,0,0,387.5977
0.006224246,0,0,0,0,0,387.5977
0.006064245,0,0,0,0,0,387.5977
0.005340031,0,0,0,0,0,387.5977
0.004061271,0,0,0,0,0,387.5977
0.002323969,0,0,0,0,0,387.5977
0.0003338794,0,0,0,0,0,387.5977
0.001783661,0,0,0,0,0,387.5977
0.003640485,0,0,0,0,0,387.5977
0.005046858,0,0,0,0,0,387.5977
0.005820313,0,0,0,0,0,387.5977
0.005874981,0,0,0,0,0,387.5977
0.005244475,0,0,0,0,0,387.5977
0.004108562,0,0,0,0,0,387.5977
0.002895263,0,0,0,0,0,387.5977
0.002542364,0,0,0,0,0,387.5977
0.003483671,0,0,0,0,0,387.5977
0.004760476,0,0,0,0,0,387.5977
0.005748129,0,0,0,0,0,387.5977
0.00619745,0,0,0,0,0,387.5977
0.006016665,0,0,0,0,0,387.5977
0.005215625,0,0,0,0,0,387.5977
0.003892872,0,0,0,0,0,387.5977
0.002261244,0,0,0,0,0,387.5977
0.001112743,0,0,0,0,0,387.5977
0.002209059,0,0,0,0,0,387.5977
0.003721013,0,0,0,0,0,387.5977
0.004827785,0,0,0,0,0,387.5977
0.005300469,0,0,0,0,0,387.5977
0.005037271,0,0,0,0,0,387.5977
0.004041001,0,0,0,0,0,387.5977
0.002420531,0,0,0,0,0,387.5977
0.000535221,0,0,0,0,0,387.5977
0.002062897,0,0,0,0,0,387.5977
0.004300854,0,0,0,0,0,387.5977
0.006301861,0,0,0,0,0,387.5977
0.007909236,0,0,0,0,0,387.5977
0.009078874,0,0,0,0,0,387.5977
0.009868291,0,0,0,0,0,387.5977
0.01039863,0,0,0,0,0,387.5977
0.01078605,0,0,0,0,0,387.5977
0.01107301,0,0,0,0,0,387.5977
0.01120412,0,0,0,0,0,387.5977
0.01106192,0,0,0,0,0,387.5977
0.01053175,0,0,0,0,0,387.5977
0.009556232,0,0,0,0,0,387.5977
0.008165639,0,0,0,0,0,387.5977
0.006493286,0,0,0,0,0,387.5977
0.004806589,0,0,0,0,0,387.5977
0.003600821,0,0,0,0,0,387.5977
0.003490472,0,0,0,0,0,387.5977
0.004274193,0,0,0,0,0,387.5977
0.005202963,0,0,0,0,0,387.5977
0.005876906,0,0,0,0,0,387.5977
0.006178766,0,0,0,0,0,387.5977
0.006130832,0,0,0,0,0,387.5977
0.00582473,0,0,0,0,0,387.5977
0.005362132,0,0,0,0,0,387.5977
0.004795643,0,0,0,0,0,387.5977
0.00409741,0,0,0,0,0,387.5977
0.003189218,0,0,0,0,0,387.5977
0.002043055,0,0,0,0,0,387.5977
0.001116386,0,0,0,0,0,387.5977
0.002109318,0,0,0,0,0,387.5977
0.003956303,0,0,0,0,0,387.5977
0.005814697,0,0,0,0,0,387.5977
0.007386868,0,0,0,0,0,387.5977
0.008467136,0,0,0,0,0,387.5977
0.008930463,0,0,0,0,0,387.5977
0.008746919,0,0,0,0,0,387.5977
0.007984552,0,0,0,0,0,387.5977
0.006796685,0,0,0,0,0,387.5977
0.005399674,0,0,0,0,0,387.5977
0.004052833,0,0,0,0,0,387.5977
0.003046701,0,0,0,0,0,387.5977
0.00262303,0,0,0,0,0,387.5977
0.002719058,0,0,0,0,0,387.5977
0.003020269,0,0,0,0,0,387.5977
0.003325176,0,0,0,0,0,387.5977
0.003587997,0,0,0,0,0,387.5977
0.003825192,0,0,0,0,0,387.5977
0.004055019,0,0,0,0,0,387.5977
0.004270937,0,0,0,0,0,387.5977
0.004436471,0,0,0,0,0,387.5977
0.004496014,0,0,0,0,0,387.5977
0.004395079,0,0,0,0,0,387.5977
0.00410558,0,0,0,0,0,387.5977
0.003651856,0,0,0,0,0,387.5977
0.003134927,0,0,0,0,0,387.5977
0.002739396,0,0,0,0,0,387.5977
0.002647051,0,0,0,0,0,387.5977
0.002834634,0,0,0,0,0,387.5977
0.003079568,0,0,0,0,0,387.5977
0.003184709,0,0,0,0,0,387.5977
0.003102598,0,0,0,0,0,387.5977
0.003004811,0,0,0,0,0,387.5977
0.003301206,0,0,0,0,0,387.5977
0.004292881,0,0,0,0,0,387.5977
0.005842012,0,0,0,0,0,387.5977
0.007644912,0,0,0,0,0,387.5977
0.009428282,0,0,0,0,0,387.5977
0.01096037,0,0,0,0,0,387.5977
0.01204663,0,0,0,0,0,387.5977
0.01253721,0,0,0,0,0,387.5977
0.01234121,0,0,0,0,0,387.5977
0.01144119,0,0,0,0,0,387.5977
0.009904016,0,0,0,0,0,387.5977
0.0078865,0,0,0,0,0,387.5977
0.005643505,0,0,0,0,0,387.5977
0.003584312,0,0,0,0,0,387.5977
0.002500689,0,0,0,0,0,387.5977
0.002932333,0,0,0,0,0,387.5977
0.003748848,0,0,0,0,0,387.5977
0.004171056,0,0,0,0,0,387.5977
0.004031439,0,0,0,0,0,387.5977
0.003401086,0,0,0,0,0,387.5977
0.002519102,0,0,0,0,0,387.5977
0.00187749,0,0,0,0,0,387.5977
0.002061265,0,0,0,0,0,387.5977
0.002721505,0,0,0,0,0,387.5977
0.003244588,0,0,0,0,0,387.5977
0.003372531,0,0,0,0,0,387.5977
0.003041768,0,0,0,0,0,387.5977
0.002302488,0,0,0,0,0,387.5977
0.001299286,0,0,0,0,0,387.5977
0.0005380756,0,0,0,0,0,387.5977
0.001304351,0,0,0,0,0,387.5977
0.002260536,0,0,0,0,0,387.5977
0.002993312,0,0,0,0,0,387.5977
0.003445091,0,0,0,0,0,387.5977
0.003634514,0,0,0,0,0,387.5977
0.003623286,0,0,0,0,0,387.5977
0.003489477,0,0,0,0,0,387.5977
0.003304411,0,0,0,0,0,387.5977
0.003122082,0,0,0,0,0,387.5977
0.00298241,0,0,0,0,0,387.5977
0.002918773,0,0,0,0,0,387.5977
0.002955182,0,0,0,0,0,387.5977
0.003092785,0,0,0,0,0,387.5977
0.003302375,0,0,0,0,0,387.5977
0.003533393,0,0,0,0,0,387.5977
0.003730216,0,0,0,0,0,387.5977
0.003845219,0,0,0,0,0,387.5977
0.003848069,0,0,0,0,0,387.5977
0.003733555,0,0,0,0,0,387.5977
0.003527275,0,0,0,0,0,387.5977
0.003285595,0,0,0,0,0,387.5977
0.003080852,0,0,0,0,0,387.5977
0.002966423,0,0,0,0,0,387.5977
0.002939129,0,0,0,0,0,387.5977
0.002940954,0,0,0,0,0,387.5977
0.002903724,0,0,0,0,0,387.5977
0.002793489,0,0,0,0,0,387.5977
0.002629592,0,0,0,0,0,387.5977
0.002477681,0,0,0,0,0,387.5977
0.002412153,0,0,0,0,0,387.5977
0.002456715,0,0,0,0,0,387.5977
0.002563053,0,0,0,0,0,387.5977
0.002657094,0,0,0,0,0,387.5977
0.00269326,0,0,0,0,0,387.5977
0.002673654,0,0,0,0,0,387.5977
0.00263681,0,0,0,0,0,387.5977
0.002630911,0,0,0,0,0,387.5977
0.002687189,0,0,0,0,0,387.5977
0.002814718,0,0,0,0,0,387.5977
0.003015596,0,0,0,0,0,387.5977
0.003292735,0,0,0,0,0,387.5977
0.003636273,0,0,0,0,0,387.5977
0.004007689,0,0,0,0,0,387.5977
0.004344431,0,0,0,0,0,387.5977
0.004583757,0,0,0,0,0,387.5977
0.00468996,0,0,0,0,0,387.5977
0.004672964,0,0,0,0,0,387.5977
0.00459066,0,0,0,0,0,387.5977
0.004527822,0,0,0,0,0,387.5977
0.004551489,0,0,0,0,0,387.5977
0.004667652,0,0,0,0,0,387.5977
0.004819764,0,0,0,0,0,387.5977
0.004927344,0,0,0,0,0,387.5977
0.004926635,0,0,0,0,0,387.5977
0.00478801,0,0,0,0,0,387.5977
0.004514505,0,0,0,0,0,387.5977
0.004131388,0,0,0,0,0,387.5977
0.003675736,0,0,0,0,0,387.5977
0.003191918,0,0,0,0,0,387.5977
0.002736707,0,0,0,0,0,387.5977
0.002391692,0,0,0,0,0,387.5977
0.002256498,0,0,0,0,0,387.5977
0.002379196,0,0,0,0,0,387.5977
0.00268984,0,0,0,0,0,387.5977
0.003053127,0,0,0,0,0,387.5977
0.003343991,0,0,0,0,0,387.5977
0.003470538,0,0,0,0,0,387.5977
0.003376562,0,0,0,0,0,387.5977
0.003043793,0,0,0,0,0,387.5977
0.002493933,0,0,0,0,0,387.5977
0.001788591,0,0,0,0,0,387.5977
0.001032651,0,0,0,0,0,387.5977
0.0004658125,0,0,0,0,0,387.5977
0.0006503104,0,0,0,0,0,387.5977
0.001007888,0,0,0,0,0,387.5977
